,Object,RA,DEC,Class
0,A 0051-1323,00 53 30.30,-13 06 44.88,PRG
1,A 0103-3044,01 06 10.29,-30 28 26.98,PRG
2,A 0113-5442,01 15 28.7,-54 26 53,PRG
3,A 0136-0801,01 38 55.2,-07 45 56,PRG
4,A 0153-3034,01 55 24.12,-30 19 24.09,PRG
5,A 0323-0430,03 25 56.40,-04 19 57.12,PRG
6,A 0336-4905,03 37 57.6,-48 55 40,PRG
7,A 0351-5458,03 52 49.3,-54 49 50,PRG
8,A 0358-1707,04 00 45.76,-16 58 37.21,PRG
9,A 0414-4756,04 16 18.68,-47 49 10.81,PRG
10,A 0618-3633,06 20 07.29,-36 34 37.71,PRG
11,A 0950-2234,09 52 53.9,-22 48 34,PRG
12,A 1123-232,11 25 58.41,-23 42 21.65,PRG
13,A 1256-1710,12 58 43.5,-17 26 49,PRG
14,A 1334-2935,13 37 29.34,-29 50 25.39,PRG
15,A 1356-2618,13 58 54.98,-26 32 45.54,PRG
16,A 1837-6317,18 41 54.83,-63 13 24.04,PRG
17,A 2015-7111,20 20 20.34,-71 00 26.16,PRG
18,A 2027-2335,20 30 27.38,-23 25 20.65,PRG
19,A 2040-6210,20 44 11.65,-61 59 17.90,PRG
20,A 2102-2345,21 05 40.14,-23 33 04.74,PRG
21,A 2104-2536,21 07 24.40,-25 24 44.63,PRG
22,A 2111-5509,21 15 08.55,-54 56 46.73,PRG
23,A 2116-7233,21 20 56.19,-72 20 17.46,PRG
24,A 2132-2742,21 34 59.88,-27 28 46.57,PRG
25,A 2135-2132,21 38 20.0,-21 19 06,PRG
26,A 2150-1707,21 53 05.53,-16 53 35.37,PRG
27,A 2220-6617,22 24 14.16,-66 02 12.79,PRG
28,A 2225-5838,22 29 19.42,-58 24 41.05,PRG
29,A 2226-2459,22 28 53.81,-24 43 43.12,PRG
30,A 2246-4909,22 49 49.82,-48 53 03.65,PRG
31,A 2304-3308,23 06 59.25,-32 52 31.04,PRG
32,A 2329-4102,23 31 54.6,-40 45 44,PRG
33,A 2330-3751,23 32 41.9,-37 34 32,PRG
34,A 2333-1637,23 35 57.5,-16 39 19,PRG
35,A 2349-3927,23 51 41.4,-39 10 30,PRG
36,A 2350-4042,23 53 20.2,-40 25 52,PRG
37,A 2358-2604,00 01 15.79,-25 48 07.67,PRG
38,AM 0009-371,00 11 36.80,-36 56 10.75,PRG
39,AM 0012-573,00 15 16.4100,-57 14 40.800,PRG
40,AM 0016-575,00 19 09.3000,-57 38 29.600,PRG
41,AM 0034-351,00 37 04.6600,-34 56 24.400,PRG
42,AM 0035-335,00 37 41.1100,-33 42 58.800,PRG
43,AM 0036-391,00 36 18,-39 14.4,PRG
44,AM 0041-390,00 43 25.3800,-38 45 25.700,PRG
45,AM 0042-563,00 44 59.1400,-56 22 47.900,PRG
46,AM 0044-243,00 47 07.5300,-24 22 14.500,PRG
47,AM 0044-521,00 47 01.40,-52 03 03.02,PRG
48,AM 0045-230,00 47 34.61,-22 47 59.24,PRG
49,AM 0045-314,00 47 27.6100,-31 25 18.300,PRG
50,AM 0051-234,00 54 20.36,-23 33 07.03,PRG
51,AM 0051-271,00 53 43.4500,-27 02 59.000,PRG
52,AM 0051-272,00 53 59.1525,-27 08 36.820,PRG
53,AM 0053-353,00 56 19.5500,-35 14 52.200,PRG
54,AM 0054-634,00 56 48.4000,-63 29 05.000,PRG
55,AM 0058-220,01 00 47.4000,-21 43 25.000,PRG
56,AM 0058-311,01 00 44.6000,-30 55 49.100,PRG
57,AM 0058-665,01 00 15.2300,-66 37 06.600,PRG
58,AM 0102-610,01 04 56.3180,-60 48 58.583,PRG
59,AM 0103-304,01 06 10.3300,-30 28 29.300,PRG
60,AM 0106-472,01 08 22.8545,-47 05 54.329,PRG
61,AM 0113-324,01 15 53.9200,-32 28 38.900,PRG
62,AM 0115-463,01 18 10.1300,-46 14 32.400,PRG
63,AM 0117-520,01 19 28.4400,-51 46 47.700,PRG
64,AM 0119-340,01 21 17.4100,-33 50 23.000,PRG
65,AM 0126-525,01 28 25.3300,-52 38 09.300,PRG
66,AM 0126-680,01 28 02.9300,-67 50 36.600,PRG
67,AM 0131-434,01 31 31,-43 49.7,PRG
68,AM 0141-362,01 43 44.3900,-36 05 19.800,PRG
69,AM 0144-583,01 46 34.0400,-58 15 29.800,PRG
70,AM 0146-321,01 49 04.5800,-31 59 46.800,PRG
71,AM 0147-350,01 49 43.7000,-34 49 51.900,PRG
72,AM 0147-561,01 49 27.9500,-56 03 12.200,PRG
73,AM 0154-353,01 57 09.0000,-35 18 48.400,PRG
74,AM 0155-815,01 52 41.9400,-81 37 52.000,PRG
75,AM 0157-311,01 59 39.5300,-31 01 13.100,PRG
76,AM 0200-581,02 01 50.6300,-57 56 54.100,PRG
77,AM 0203-325,02 05 46.3400,-32 40 35.200,PRG
78,AM 0207-374,02 09 44.2548,-37 33 04.928,PRG
79,AM 0212-250,02 14 49.07,-24 51 01.67,PRG
80,AM 0215-485,02 17 16.4200,-48 42 48.100,PRG
81,AM 0226-320,02 28 20.1100,-31 52 51.700,PRG
82,AM 0227-484,02 29 16.1100,-48 29 28.500,PRG
83,AM 0229-444,02 31 38.7900,-44 31 27.500,PRG
84,AM 0230-581,02 31 36.6700,-58 01 00.300,PRG
85,AM 0236-273,02 39 03.5500,-27 26 35.300,PRG
86,AM 0236-310,02 38 45.1500,-30 48 23.400,PRG
87,AM 0240-242,02 42 32.1500,-24 13 51.500,PRG
88,AM 0241-424,02 43 16.6662,-42 34 24.562,PRG
89,AM 0302-273,03 02 59,-27 31.8,PRG
90,AM 0302-504,03 03 23.74,-50 29 52.72,PRG
91,AM 0304-255,03 06 45.3600,-25 42 59.200,PRG
92,AM 0305-824,03 01 44.9600,-82 35 30.800,PRG
93,AM 0310-252,03 12 13.3545,-25 12 10.413,PRG
94,AM 0318-610,03 19 37.5700,-60 57 00.500,PRG
95,AM 0319-542,03 20 39.2858,-54 17 39.406,PRG
96,AM 0320-495,03 21 55.77,-49 48 01.38,PRG
97,AM 0322-374,03 23 54.2112,-37 30 33.026,PRG
98,AM 0329-715,03 29 43.6800,-71 45 25.400,PRG
99,AM 0330-324,03 32 49.2900,-32 40 07.300,PRG
100,AM 0332-305,03 34 16.8000,-30 43 57.100,PRG
101,AM 0332-324,03 34 57.28,-32 38 25.03,PRG
102,AM 0334-460,03 36 36.8700,-45 57 21.600,PRG
103,AM 0339-625,03 40 39.4000,-62 46 44.000,PRG
104,AM 0341-360,03 43 37.0800,-35 51 10.900,PRG
105,AM 0343-383,03 45 02.0800,-38 22 56.600,PRG
106,AM 0345-335,03 47 04.8100,-33 42 35.500,PRG
107,AM 0346-570,03 47 42.8400,-56 57 07.500,PRG
108,AM 0352-360,03 54 28.4500,-35 58 01.700,PRG
109,AM 0401-641,04 01 42.8200,-64 05 45.100,PRG
110,AM 0403-555,04 04 16.7000,-55 46 08.000,PRG
111,AM 0403-702,04 03 03.6100,-70 14 37.900,PRG
112,AM 0404-271,04 06 29.0100,-27 09 20.500,PRG
113,AM 0411-575,04 12 43.2500,-57 44 16.700,PRG
114,AM 0411-680,04 11 20.21,-67 55 15.40,PRG
115,AM 0412-525,04 13 50.63,-52 47 42.15,PRG
116,AM 0413-380,04 15 27.0000,-38 01 10.000,PRG
117,AM 0413-590,04 14 27.0845,-58 57 56.571,PRG
118,AM 0414-491,04 16 08.1137,-49 11 20.203,PRG
119,AM 0415-475,04 16 30.0600,-47 50 55.600,PRG
120,AM 0417-391,04 19 39.3653,-39 10 24.025,PRG
121,AM 0420-440,04 22 12.8400,-43 58 17.600,PRG
122,AM 0422-473,04 24 21.0100,-47 31 35.500,PRG
123,AM 0425-421,04 26 40.8000,-42 05 39.000,PRG
124,AM 0426-484,04 28 02.2000,-48 43 02.000,PRG
125,AM 0428-450,04 30 21.2900,-45 01 35.200,PRG
126,AM 0432-625,04 32 33.7200,-62 51 48.000,PRG
127,AM 0433-393,04 35 29.1200,-39 30 57.500,PRG
128,AM 0436-342,04 38 44.4600,-34 15 13.700,PRG
129,AM 0436-472,04 37 45.82,-47 15 10.52,PRG
130,AM 0437-314,04 39 40.3465,-31 42 39.460,PRG
131,AM 0437-644,04 37 55.0900,-64 38 59.300,PRG
132,AM 0438-503,04 39 22.2000,-50 31 47.000,PRG
133,AM 0438-530,04 38 38.34,-53 03 20.49,PRG
134,AM 0438-661,04 38 39.5400,-66 13 57.400,PRG
135,AM 0439-373,04 40 59.5600,-37 34 10.600,PRG
136,AM 0442-622,04 43 07.6,-62 19 42,PRG
137,AM 0445-525,04 46 12.2700,-52 54 48.700,PRG
138,AM 0445-635,04 45 39.7773,-63 47 52.499,PRG
139,AM 0452-594,04 52 52.1500,-59 44 32.100,PRG
140,AM 0455-465,04 57 01.7004,-46 45 02.988,PRG
141,AM 0507-512,05 08 28.2600,-51 21 28.900,PRG
142,AM 0509-290,05 11 22.5400,-28 59 31.700,PRG
143,AM 0517-621,05 18 14.6500,-62 12 17.100,PRG
144,AM 0520-390,05 22 42.6100,-39 03 47.700,PRG
145,AM 0521-385,05 23 00.4700,-38 52 13.500,PRG
146,AM 0521-434,05 22 30.6100,-43 46 16.300,PRG
147,AM 0529-442,05 31 09.79,-44 25 51.74,PRG
148,AM 0530-421,05 31 40.8700,-42 09 54.500,PRG
149,AM 0544-393,05 45 51.0700,-39 29 39.300,PRG
150,AM 0545-355,05 47 22.2100,-35 49 31.800,PRG
151,AM 0545-434,05 47 01.4000,-43 44 36.000,PRG
152,AM 0547-471,05 49 03.9500,-47 10 01.400,PRG
153,AM 0548-330,05 49 53.3800,-33 01 41.400,PRG
154,AM 0552-462,05 53 56.7000,-46 28 40.400,PRG
155,AM 0602-575,06 00 21.4400,-57 56 21.300,PRG
156,AM 0608-752,06 06 52.07,-75 21 51.68,PRG
157,AM 0609-323,06 10 59.4200,-32 34 07.600,PRG
158,AM 0611-430,06 13 03.9200,-43 10 34.300,PRG
159,AM 0623-371,06 24 48.8,-37 21 21,PRG
160,AM 0625-252,06 27 02.0000,-25 22 50.000,PRG
161,AM 0628-632,06 28 57.9000,-63 29 39.700,PRG
162,AM 0634-292,06 34 22,-29 27.8,PRG
163,AM 0642-645,06 42 33.3700,-64 59 24.500,PRG
164,AM 0642-801,06 38 33.6447,-80 14 52.407,PRG
165,AM 0643-462,06 45 03.4800,-46 26 56.200,PRG
166,AM 0644-741,06 43 06.1000,-74 13 35.000,PRG
167,AM 0656-745,06 55 28.7700,-75 02 06.300,PRG
168,AM 0657-393,06 58 56.0956,-39 42 11.313,PRG
169,AM 0712-513,07 13 18.9000,-51 42 48.000,PRG
170,AM 0719-625,07 19 57.3100,-63 04 01.300,PRG
171,AM 0755-785,07 53 31.2900,-79 06 28.040,PRG
172,AM 0814-760,08 13 31.6500,-76 17 29.200,PRG
173,AM 0827-845,08 19 22.1400,-85 08 35.900,PRG
174,AM 0828-844,08 20 30.4100,-84 58 35.900,PRG
175,AM 0858-730,08 58 39.5700,-73 19 36.700,PRG
176,AM 0931-324,09 33 21.5100,-33 02 00.600,PRG
177,AM 0957-335,10 00 05.4000,-34 13 41.800,PRG
178,AM 1003-215,10 05 43.4000,-22 05 49.000,PRG
179,AM 1006-380,10 09 06.9977,-38 24 04.149,PRG
180,AM 1008-392,10 11 02.1600,-39 41 36.500,PRG
181,AM 1011-284,10 14 11.4600,-28 56 31.300,PRG
182,AM 1013-271,10 15 23.3867,-27 25 15.506,PRG
183,AM 1024-234,10 26 56.2900,-24 05 21.200,PRG
184,AM 1025-370,10 27 13.8000,-37 25 17.000,PRG
185,AM 1035-260,10 37 29.06,-26 19 00.14,PRG
186,AM 1036-300,10 39 14.1525,-30 17 44.989,PRG
187,AM 1045-245,10 48 23.4600,-25 09 43.400,PRG
188,AM 1054-325,10 56 58.10,-33 09 56.50,PRG
189,AM 1057-282,11 00 22.8100,-28 45 44.700,PRG
190,AM 1101-354,11 03 29.2000,-36 04 23.200,PRG
191,AM 1110-251,11 12 58.0996,-25 35 14.235,PRG
192,AM 1116-274,11 18 35.2900,-27 59 58.600,PRG
193,AM 1118-425,11 20 48.0100,-43 15 50.400,PRG
194,AM 1125-285,11 27 32.4700,-29 10 40.200,PRG
195,AM 1132-324,11 35 20.4200,-33 02 03.300,PRG
196,AM 1133-245,11 35 30.9400,-25 08 42.100,PRG
197,AM 1135-284,11 37 42.3700,-29 05 00.400,PRG
198,AM 1142-272,11 44 58.9800,-27 41 27.100,PRG
199,AM 1152-421,11 55 21.7700,-42 29 16.700,PRG
200,AM 1159-530,12 01 36.1800,-53 21 27.500,PRG
201,AM 1203-275,12 06 28.7000,-28 11 07.000,PRG
202,AM 1205-300,12 07 57.4100,-30 20 22.100,PRG
203,AM 1205-460,12 08 12.6000,-46 18 10.000,PRG
204,AM 1220-445,12 23 26.7000,-45 11 50.000,PRG
205,AM 1231-345,12 33 48.4000,-35 06 53.200,PRG
206,AM 1233-424,12 35 58.4200,-43 01 02.200,PRG
207,AM 1235-432,12 37 43.7900,-43 37 16.100,PRG
208,AM 1238-362,12 40 49.5000,-36 44 38.000,PRG
209,AM 1241-402,12 44 48.81,-40 42 49.55,PRG
210,AM 1247-253,12 50 02.3200,-25 55 14.500,PRG
211,AM 1249-462,12 52 39.0500,-46 38 58.900,PRG
212,AM 1251-283,12 54 42.8000,-28 52 07.000,PRG
213,AM 1257-222,13 00 22.03,-22 41 39.95,PRG
214,AM 1258-352,13 01 05.4000,-35 36 59.600,PRG
215,AM 1300-412,13 03 00.4200,-41 42 15.400,PRG
216,AM 1303-235,13 06 24.0000,-24 09 50.600,PRG
217,AM 1307-461,13 10 04.4300,-46 26 14.400,PRG
218,AM 1308-253,13 11 08.8800,-25 53 58.600,PRG
219,AM 1311-373,13 14 03.6000,-37 47 48.900,PRG
220,AM 1312-222,13 15 41.3029,-22 44 18.377,PRG
221,AM 1316-241,13 19 31.83,-24 29 01.38,PRG
222,AM 1318-432,13 21 17.30,-43 43 09.49,PRG
223,AM 1320-265,13 23 05.9400,-27 12 25.000,PRG
224,AM 1321-375,13 24 48.6400,-38 06 46.900,PRG
225,AM 1323-222,13 26 20.4759,-22 37 53.333,PRG
226,AM 1323-293,13 26 47.2200,-29 52 52.900,PRG
227,AM 1324-250,13 27 23.3193,-25 23 32.628,PRG
228,AM 1325-251,13 27 58.2100,-25 31 48.600,PRG
229,AM 1325-292,13 27 51.15,-29 37 07.81,PRG
230,AM 1332-300,13 35 50.3858,-30 24 25.506,PRG
231,AM 1338-232,13 40 55.9775,-23 36 09.308,PRG
232,AM 1340-254,13 43 21.8300,-25 55 56.400,PRG
233,AM 1344-215,13 47 10.3440,-22 07 01.960,PRG
234,AM 1352-263,13 55 04.32,-26 46 54.01,PRG
235,AM 1352-280,13 54 54.6400,-28 22 08.600,PRG
236,AM 1354-250,13 57 13.9200,-25 14 44.900,PRG
237,AM 1354-265,13 57 21.9500,-27 10 22.100,PRG
238,AM 1358-221,14 01 25.8170,-22 34 19.615,PRG
239,AM 1408-364,14 11 43.1200,-37 01 11.200,PRG
240,AM 1413-243,14 16 09.5200,-24 50 31.000,PRG
241,AM 1414-235,14 17 39.4300,-24 11 00.300,PRG
242,AM 1434-783,14 40 27.9600,-78 48 33.200,PRG
243,AM 1440-365,14 40 41,-36 54.3,PRG
244,AM 1444-221,14 47 03.0139,-22 32 07.864,PRG
245,AM 1451-304,14 55 38.92,-25 37 57.16,PRG
246,AM 1452-234,14 55 09.8600,-23 58 10.000,PRG
247,AM 1452-252,14 55 38.9200,-25 37 57.160,PRG
248,AM 1457-403,15 00 34.1600,-40 48 36.600,PRG
249,AM 1514-362,15 17 54.8000,-36 34 09.000,PRG
250,AM 1535-680,15 40 28.5240,-68 08 38.170,PRG
251,AM 1627-824,16 35 57.0200,-82 50 17.600,PRG
252,AM 1646-795,16 54 40.0000,-80 04 03.000,PRG
253,AM 1654-782,17 02 01.2600,-78 27 16.200,PRG
254,AM 1724-622,17 29 17.5096,-62 27 49.105,PRG
255,AM 1803-510,18 07 15.9600,-51 01 10.700,PRG
256,AM 1806-852,18 22 40.82,-85 24 26.81,PRG
257,AM 1817-772,18 25 46.4600,-77 23 17.800,PRG
258,AM 1827-625,18 32 02.7000,-62 55 44.000,PRG
259,AM 1845-785,18 54 40.3000,-78 53 54.200,PRG
260,AM 1854-490,18 58 06.7700,-49 00 40.700,PRG
261,AM 1934-563,19 38 38.4,-56 27 29,PRG
262,AM 1939-515,19 43 14.5500,-51 48 27.000,PRG
263,AM 1947-445,19 51 23.4570,-44 51 37.587,PRG
264,AM 1953-260,19 56 28.0000,-25 54 55.280,PRG
265,AM 1957-394,20 00 35.8800,-39 38 57.700,PRG
266,AM 2001-602,20 06 11.7000,-60 12 41.800,PRG
267,AM 2002-563,20 06 49.9100,-56 23 23.700,PRG
268,AM 2005-282,20 08 39.2200,-28 16 12.600,PRG
269,AM 2006-564,20 12 30.5000,-56 49 55.000,PRG
270,AM 2008-543,20 12 23.6900,-54 21 37.000,PRG
271,AM 2012-282,20 15 13.9600,-28 18 25.100,PRG
272,AM 2020-504,20 23 54.9300,-50 39 06.600,PRG
273,AM 2021-724,20 26 31.4000,-72 36 26.000,PRG
274,AM 2024-544,20 27 54.0900,-54 37 59.200,PRG
275,AM 2026-225,20 29 09.50,-22 34 30.82,PRG
276,AM 2026-424,20 29 32.4500,-42 30 23.000,PRG
277,AM 2033-260,20 36 23.2495,-25 57 08.939,PRG
278,AM 2034-483,20 38 08.3000,-48 23 04.000,PRG
279,AM 2035-411,20 38 52.73,-41 06 51.98,PRG
280,AM 2036-734,20 42 08.5800,-73 37 09.700,PRG
281,AM 2038-323,20 41 15.1200,-32 29 11.100,PRG
282,AM 2044-691,20 48 56.8500,-69 05 31.200,PRG
283,AM 2046-255,20 49 47.2400,-25 41 55.300,PRG
284,AM 2048-440,20 51 50.9800,-43 53 35.800,PRG
285,AM 2048-711,20 53 36.2100,-71 08 28.400,PRG
286,AM 2049-522,20 52 38.3200,-52 13 45.200,PRG
287,AM 2052-260,20 55 19.4232,-25 53 42.486,PRG
288,AM 2052-440,20 55 53.4100,-43 48 48.400,PRG
289,AM 2055-425,20 58 26.60,-42 38 59.84,PRG
290,AM 2056-392,21 00 07.8447,-39 17 57.721,PRG
291,AM 2100-725,21 05 38.6900,-72 47 09.000,PRG
292,AM 2102-252,21 05 43.8600,-25 14 16.200,PRG
293,AM 2104-241,21 07 08.8500,-24 02 39.900,PRG
294,AM 2106-624,21 10 07.04,-62 35 54.33,PRG
295,AM 2106-641,21 11 37.0200,-64 01 50.200,PRG
296,AM 2107-474,21 10 31.2000,-47 30 31.900,PRG
297,AM 2109-220,21 11 59.8200,-21 52 11.700,PRG
298,AM 2112-705,21 17 38.7735,-70 39 01.239,PRG
299,AM 2115-574,21 18 56.99,-57 30 29.82,PRG
300,AM 2116-395,21 20 07.6100,-39 46 07.000,PRG
301,AM 2127-403,21 30 21.9400,-40 26 17.900,PRG
302,AM 2128-302,21 31 08.6686,-30 16 15.598,PRG
303,AM 2130-294,21 33 29.6700,-29 30 23.300,PRG
304,AM 2131-254,21 34 30.2444,-25 28 43.663,PRG
305,AM 2131-495,21 34 37.6200,-49 42 45.500,PRG
306,AM 2132-535,21 36 11.2700,-53 41 24.700,PRG
307,AM 2134-471,21 37 28.1800,-47 02 09.000,PRG
308,AM 2136-492,21 39 25.9159,-49 09 42.410,PRG
309,AM 2141-515,21 45 15.1967,-51 41 52.909,PRG
310,AM 2145-543,21 49 08.8000,-54 17 48.000,PRG
311,AM 2147-490,21 51 06.1166,-48 48 19.720,PRG
312,AM 2152-592,21 56 19.6400,-59 07 16.200,PRG
313,AM 2155-263,21 58 38.4400,-26 22 40.400,PRG
314,AM 2159-330,22 02 44.5600,-32 48 07.800,PRG
315,AM 2200-715,22 05 00.2864,-71 42 07.414,PRG
316,AM 2201-230,22 04 19.2643,-22 47 39.503,PRG
317,AM 2209-715,22 13 07.1504,-71 44 44.506,PRG
318,AM 2220-493,22 23 13.4000,-49 17 37.538,PRG
319,AM 2223-635,22 26 44.7000,-63 42 12.000,PRG
320,AM 2229-735,22 23 43.21,-73 40 44.08,PRG
321,AM 2230-481,22 33 45.2000,-48 01 30.000,PRG
322,AM 2238-541,22 41 57.2190,-53 59 41.305,PRG
323,AM 2240-304,22 43 36.8400,-30 28 50.200,PRG
324,AM 2243-341,22 46 38.57,-34 02 46.99,PRG
325,AM 2246-581,22 49 19.0121,-57 56 12.839,PRG
326,AM 2247-440,22 50 27.6200,-43 48 41.800,PRG
327,AM 2248-324,22 51 45.0600,-32 33 31.500,PRG
328,AM 2248-332,22 51 04.1640,-33 04 27.280,PRG
329,AM 2302-322,23 05 40.1100,-32 09 10.600,PRG
330,AM 2308-324,23 11 16.9600,-32 27 15.400,PRG
331,AM 2309-235,23 12 13.0177,-23 36 28.545,PRG
332,AM 2311-425,23 13 53.1700,-42 36 15.400,PRG
333,AM 2313-261,23 15 46.7700,-25 54 19.400,PRG
334,AM 2315-495,23 18 21.8100,-49 36 33.700,PRG
335,AM 2316-520,23 19 17.6701,-51 45 47.240,PRG
336,AM 2317-672,23 20 09.8100,-67 08 58.500,PRG
337,AM 2322-671,23 25 45.0000,-67 03 34.000,PRG
338,AM 2323-512,23 26 31.8300,-51 08 07.400,PRG
339,AM 2331-705,23 34 27.4500,-70 37 53.500,PRG
340,AM 2334-292,23 37 06.5600,-29 05 01.700,PRG
341,AM 2338-312,23 41 22.0000,-31 03 12.000,PRG
342,AM 2343-703,23 46 39.4300,-70 22 51.200,PRG
343,AM 2350-514,23 53 25.9267,-51 26 08.650,PRG
344,AM 2353-291,23 56 25.0000,-29 01 24.000,PRG
345,ARP 010,02 18 26.4,+05 39 14,PRG
346,ARP 107,10 52 14.8,+30 03 28,PRG
347,ARP 118,02 55 12.0,-00 11 03,PRG
348,ARP 125,16 38 13.9,+41 56 19,PRG
349,ARP 141,07 14 20.0,+73 28 25,PRG
350,ARP 142,09 37 44.1,+02 45 39,PRG
351,ARP 143,07 46 55.0,+39 00 56,PRG
352,ARP 145,02 23 07.7,+41 21 11,PRG
353,ARP 146,00 06 44.3,-06 38 08,PRG
354,ARP 147,03 11 18.6,+01 18 51,PRG
355,ARP 148,11 03 52.4,+40 50 54,PRG
356,ARP 150,23 19 30.0,+09 30 30,PRG
357,ARP 219,03 39 53.2,-02 06 47,PRG
358,ARP 273,02 21 28.6,+39 22 32,PRG
359,ARP 284,23 36 14.2,+02 09 17,PRG
360,ARP 318,02 09 24.4,-10 08 10,PRG
361,ARP 335,11 04 23.5,+04 49 44,PRG
362,Abell 1631-14,12 52 32.4,-15 52 28,PRG
363,Abell 1644-105,12 57 37.2,-17 11 19,PRG
364,Abell 548-17,05 44 34.8,-26 05 19,PRG
365,Abell 548-71,05 45 05.12,-25 51 27.77,PRG
366,Arp 10,02 18 26.3596,+05 39 13.806,PRG
367,Arp 146,00 06 44.4000,-06 38 09.000,PRG
368,Arp 147,03 11 18.9000,+01 18 53.000,PRG
369,Arp 148,11 03 53.2000,+40 50 57.000,PRG
370,Arp 230,00 46 24.12,-13 26 32.71,PRG
371,Arp 292,09 54 32.84,-06 51 24.31,PRG
372,ESO 012-IG19,00 33 00.38,-78 12 44.02,PRG
373,ESO 018-G08,08 23 16.61,-77 49 10.79,PRG
374,ESO 047-IG11,20 44 21.08,-73 28 32.84,PRG
375,ESO 109-IG23,22 48 33.37,-66 43 14.95,PRG
376,ESO 113-IG04,01 00 34.14,-57 44 53.64,PRG
377,ESO 143-G37,20 37 47.97,-61 44 50.14,PRG
378,ESO 152-IG3,01 28 25.07,-52 38 08.31,PRG
379,ESO 200-IG 009,03 21 40.5,-51 39 31,PRG
380,ESO 201-IG26,04 15 17.63,-50 56 40.65,PRG
381,ESO 202-G01,04 16 29.79,-47 50 55.61,PRG
382,ESO 202-IG05,04 18 00.11,-50 02 40.35,PRG
383,ESO 232-G04,19 22 46.56,-51 00 07.71,PRG
384,ESO 236-IG2,21 19 46.91,-52 14 16.40,PRG
385,ESO 239-IG02,22 49 39.73,-48 50 55.08,PRG
386,ESO 240-IG16,23 44 48.11,-49 06 39.47,PRG
387,ESO 270-IG09,13 25 29.01,-43 00 59.75,PRG
388,ESO 287-IG50,21 41 57.79,-46 00 37.41,PRG
389,ESO 293-IG17,23 56 25.4,-39 10 36,PRG
390,ESO 296-G11,01 19 57.40,-41 14 04.49,PRG
391,ESO 305-G21,05 22 42.53,-39 03 46.96,PRG
392,ESO 326-IG6,14 11 08.37,-40 06 18.65,PRG
393,ESO 341-G02,20 39 04.19,-41 10 52.87,PRG
394,ESO 341-IG04,20 41 13.62,-38 11 35.62,PRG
395,ESO 343-IG13,21 36 10.63,-38 32 37.36,PRG
396,ESO 365-G16,06 25 10.33,-37 20 23.15,PRG
397,ESO 415-G26,02 28 20.1,-31 52 52,PRG
398,ESO 464-G31,21 18 21.53,-27 20 46.84,PRG
399,ESO 474-G16,00 42 52.55,-23 32 25.73,PRG
400,ESO 474-G26,00 47 07.38,-24 22 13.72,PRG
401,ESO 498-G01,09 23 30.10,-23 09 43.36,PRG
402,ESO 500-G41,10 26 56.17,-24 05 20.07,PRG
403,ESO 501-IG46,10 37 12.70,-27 41 00.54,PRG
404,ESO 503-G17,11 26 52.5,-27 42 21,PRG
405,ESO 533-IG15,22 20 44.53,-24 40 40.96,PRG
406,ESO 566-IG8,09 44 59.51,-19 42 44.67,PRG
407,ESO 576-G69,13 30 05.18,-20 55 56.20,PRG
408,ESO 578-G14,14 01 08.14,-22 33 33.25,PRG
409,ESO 603-G21,22 51 22.0,-20 14 50,PRG
410,ESO 75-G55,22 06 24.40,-67 31 00.79,PRG
411,ESO 79-G05,00 40 43.55,-63 26 28.27,PRG
412,FM 117-4,03 40 37.78,-62 46 48.39,PRG
413,FM 186-10,20 12 23.53,-54 21 33.90,PRG
414,FM 186-16,20 27 53.94,-54 37 58.83,PRG
415,FM 188-15,21 49 08.39,-54 18 12.88,PRG
416,FM 188-8,21 36 11.05,-53 41 23.82,PRG
417,FM 197-28,02 17 16.22,-48 42 47.92,PRG
418,FM 197-8,01 50 28.53,-47 09 56.78,PRG
419,FM 198-15,02 29 16.04,-48 29 27.47,PRG
420,FM 235-17,21 10 31.12,-47 30 31.47,PRG
421,FM 251-10,04 30 21.02,-45 01 32.85,PRG
422,FM 251-33,04 44 08.04,-44 06 46.84,PRG
423,FM 251-47,04 57 01.67,-46 45 00.35,PRG
424,FM 265-16,11 20 47.83,-43 15 49.33,PRG
425,FM 298-9,02 09 44.20,-37 33 02.79,PRG
426,FM 3-5,01 52 40.49,-81 37 50.03,PRG
427,FM 3-7,03 01 44.41,-82 35 31.31,PRG
428,FM 304-3,04 35 29.00,-39 30 57.14,PRG
429,FM 305-17,05 23 00.36,-38 52 11.36,PRG
430,FM 316-19,10 09 05.39,-38 24 35.00,PRG
431,FM 316-24,10 11 01.88,-39 41 36.16,PRG
432,FM 327-23,15 00 34.03,-40 48 36.08,PRG
433,FM 327-6,14 43 48.54,-37 06 55.64,PRG
434,FM 351-12,00 56 19.24,-35 14 51.65,PRG
435,FM 358-11,03 35 20.22,-32 36 06.95,PRG
436,FM 358-25,03 43 36.93,-35 51 11.44,PRG
437,FM 360-26,04 39 13.80,-37 39 51.00,PRG
438,FM 363-11,05 47 21.98,-35 49 27.87,PRG
439,FM 409-16,23 56 24.82,-29 01 23.37,PRG
440,FM 412-16,01 16 05.79,-32 29 28.12,PRG
441,FM 424-20,05 49 29.62,-33 03 40.75,PRG
442,FM 438-21,11 18 35.12,-27 59 56.45,PRG
443,FM 438-6,11 00 22.66,-28 45 42.78,PRG
444,FM 47-9,20 42 08.24,-73 37 08.98,PRG
445,FM 470-15,23 37 06.38,-29 05 02.27,PRG
446,FM 50-4,23 34 27.54,-70 37 49.60,PRG
447,FM 50-7,23 46 39.25,-70 22 48.89,PRG
448,FM 509-47,13 47 10.22,-22 07 01.26,PRG
449,FM 531-6,21 34 29.08,-25 28 36.92,PRG
450,FM 59-12,08 00 03.47,-67 10 17.58,PRG
451,FM 77-13,23 25 42.95,-67 03 26.14,PRG
452,FM 85-1 ,04 38 39.34,-66 13 57.20,PRG
453,FM 85-12,04 48 15.27,-63 27 44.60,PRG
454,FM 85-35,05 18 14.43,-62 12 13.68,PRG
455,HRG 00201,00 03 37.6,-82 22 04,PRG
456,HRG 00202,00 06 20.0,-82 52 20,PRG
457,HRG 00203,00 09 49.2,-82 26 54,PRG
458,HRG 00204,00 12 36.51,-84 11 22.37,PRG
459,HRG 00205,00 18 24.50,-83 06 36.88,PRG
460,HRG 00206,00 18 38.2,-82 34 45,PRG
461,HRG 00207,00 22 48.5,-82 21 55,PRG
462,HRG 00208,00 52 10.8,-82 12 54,PRG
463,HRG 00209,00 56 20.9,-82 23 57,PRG
464,HRG 00210,00 57 52.2,-83 25 38,PRG
465,HRG 00211,00 59 05.2,-82 16 35,PRG
466,HRG 00212,01 24 27.2,-84 42 44,PRG
467,HRG 00213,01 31 58.26,-85 10 37.42,PRG
468,HRG 00214,21 59 03.8,-84 57 00,PRG
469,HRG 00215,22 51 01.2,-82 05 09,PRG
470,HRG 00216,23 01 36.34,-84 03 33.51,PRG
471,HRG 00302,02 14 54.5,-83 42 31,PRG
472,HRG 00303,02 20 58.1,-82 54 46,PRG
473,HRG 00304,02 56 56.3,-82 36 00,PRG
474,HRG 00305,03 52 00.40,-83 49 52.51,PRG
475,HRG 00401,04 19 34.9,-84 46 49,PRG
476,HRG 00402,04 42 51.8,-85 28 49,PRG
477,HRG 00403,04 53 44.2,-82 14 37,PRG
478,HRG 00404,05 02 32.0,-86 03 01,PRG
479,HRG 00405,03 44 18.84,-85 44 20.15,PRG
480,HRG 00406,05 29 32.3,-85 55 50,PRG
481,HRG 00501,06 25 05.4,-87 29 36,PRG
482,HRG 00502,06 23 10.13,-87 35 08.40,PRG
483,HRG 00503,04 52 39.1,-85 52 19,PRG
484,HRG 00504,05 20 38.2,-86 49 26,PRG
485,HRG 00505,05 26 50.2,-85 49 42,PRG
486,HRG 00506,06 17 20.9,-82 48 02,PRG
487,HRG 00507,06 25 49.4,-85 05 51,PRG
488,HRG 00509,06 39 46.8,-85 20 10,PRG
489,HRG 00510,07 49 40.8,-84 11 22,PRG
490,HRG 00511,07 59 04.6,-82 48 41,PRG
491,HRG 00512,08 07 43.1,-82 19 11,PRG
492,HRG 00513,08 08 58.1,-82 37 32,PRG
493,HRG 00514,08 14 41.6,-83 37 38,PRG
494,HRG 00601,09 01 57.0,-82 50 59,PRG
495,HRG 00602,11 44 05.5,-85 40 55,PRG
496,HRG 00701,11 02 15.5,-83 25 56,PRG
497,HRG 00702,11 14 04.9,-84 16 21,PRG
498,HRG 00703,11 14 15.2,-84 18 19,PRG
499,HRG 00704,11 15 14.8,-84 17 20,PRG
500,HRG 00705,11 17 24.5,-82 49 39,PRG
501,HRG 00706,11 42 52.94,-83 25 05.82,PRG
502,HRG 00707,12 37 13.7,-84 02 28,PRG
503,HRG 00708,13 32 52.6,-87 08 37,PRG
504,HRG 00801,15 48 53.14,-82 59 08.32,PRG
505,HRG 00802,13 36 14.1,-84 20 53,PRG
506,HRG 00803,16 05 43.69,-85 38 11.80,PRG
507,HRG 00804,16 19 33.2,-84 47 04,PRG
508,HRG 00901,15 35 26.51,-86 32 39.47,PRG
509,HRG 00902,16 15 58.2,-83 14 33,PRG
510,HRG 00903,16 21 58.24,-82 32 00.88,PRG
511,HRG 00904,16 22 12.32,-82 29 21.79,PRG
512,HRG 00905,16 50 15.0,-84 28 58,PRG
513,HRG 00906,17 35 01.4,-86 22 35,PRG
514,HRG 01001,19 04 33.80,-85 18 56.58,PRG
515,HRG 01002,19 11 36.4,-83 00 21,PRG
516,HRG 01003,19 20 13.5,-84 47 33,PRG
517,HRG 01004,19 48 16.90,-83 04 51.76,PRG
518,HRG 01005,19 50 19.5,-82 34 21,PRG
519,HRG 01006,19 56 47.4,-82 41 00,PRG
520,HRG 01007,20 10 13.3,-86 51 14,PRG
521,HRG 01008,20 33 50.9,-84 40 22,PRG
522,HRG 01102,22 51 30.5,-84 07 38,PRG
523,HRG 01103,22 53 20.0,-84 07 13,PRG
524,HRG 01201,00 14 51.7,-77 48 49,PRG
525,HRG 01202,00 22 07.98,-80 47 57.83,PRG
526,HRG 01204,00 38 32.7,-78 20 32,PRG
527,HRG 01205,00 41 06.5,-78 28 08,PRG
528,HRG 01301,01 41 06.5,-79 15 52,PRG
529,HRG 01302,01 41 44.53,-79 09 29.15,PRG
530,HRG 01303,01 08 27.0,-78 54 15,PRG
531,HRG 01304,01 40 33.7,-79 03 33,PRG
532,HRG 01305,02 23 57.97,-81 48 32.52,PRG
533,HRG 01401,01 53 34.12,-81 32 40.02,PRG
534,HRG 01402,02 38 50.79,-82 12 19.25,PRG
535,HRG 01403,02 48 52.44,-79 14 27.90,PRG
536,HRG 01404,03 49 47.3,-81 59 28,PRG
537,HRG 01501,04 04 08.61,-82 20 28.52,PRG
538,HRG 01503,05 08 35.55,-77 17 51.61,PRG
539,HRG 01601,04 53 08.4,-81 54 12,PRG
540,HRG 01602,05 32 06.12,-78 47 17.21,PRG
541,HRG 01603,05 33 31.9,-77 28 32,PRG
542,HRG 01604,05 40 05.6,-81 58 58,PRG
543,HRG 01605,05 47 06.2,-80 18 36,PRG
544,HRG 01701,07 27 30.49,-81 15 36.25,PRG
545,HRG 01702,07 40 12.1,-80 36 44,PRG
546,HRG 01703,07 47 25.94,-78 08 59.47,PRG
547,HRG 01704,08 12 04.9,-79 22 38,PRG
548,HRG 01705,08 12 45.0,-79 53 23,PRG
549,HRG 01801,08 23 08.41,-77 51 06.50,PRG
550,HRG 01802,09 15 25.05,-80 13 16.86,PRG
551,HRG 01803,09 35 00.9,-78 13 07,PRG
552,HRG 01901,10 11 08.4,-82 37 54,PRG
553,HRG 01902,10 28 06.64,-81 46 21.25,PRG
554,HRG 02101,13 47 05.88,-80 46 47.97,PRG
555,HRG 02201,14 38 08.45,-79 19 17.45,PRG
556,HRG 02202,14 40 22.4,-78 48 32,PRG
557,HRG 02203,15 04 27.4,-80 06 06,PRG
558,HRG 02301,16 28 02.61,-78 28 03.78,PRG
559,HRG 02302,16 32 35.7,-81 05 40,PRG
560,HRG 02303,16 31 42.9,-78 27 12,PRG
561,HRG 02304,16 54 41.1,-80 03 54,PRG
562,HRG 02401,17 49 12.5,-79 02 03,PRG
563,HRG 02402,18 30 44.6,-78 50 41,PRG
564,HRG 02403,18 40 22.6,-82 03 16,PRG
565,HRG 02404,18 38 16.97,-77 31 45.00,PRG
566,HRG 02405,18 54 39.77,-78 53 51.15,PRG
567,HRG 02406,18 58 45.81,-79 33 54.82,PRG
568,HRG 02502,19 20 47.76,-78 26 18.34,PRG
569,HRG 02503,19 33 12.85,-77 54 34.50,PRG
570,HRG 02504,20 11 13.6,-78 51 04,PRG
571,HRG 02601,20 24 59.96,-81 34 31.65,PRG
572,HRG 02602,20 58 31.6,-79 44 30,PRG
573,HRG 02603,21 36 07.26,-77 27 31.30,PRG
574,HRG 02701,22 26 34.22,-81 13 21.73,PRG
575,HRG 02702,23 11 36.33,-80 36 05.68,PRG
576,HRG 02703,22 31 03.5,-81 05 26,PRG
577,HRG 02704,22 32 50.6,-78 47 52,PRG
578,HRG 03001,02 23 39.7700,-76 34 38.100,PRG
579,HRG 03101,04 00 06.8900,-73 42 26.300,PRG
580,HRG 03401,06 43 06.1000,-74 13 35.000,PRG
581,HRG 04901,23 42 26.5900,-76 22 24.400,PRG
582,HRG 05201,01 53 29.57,-72 33 37.33,PRG
583,HRG 08201,02 41 32.4000,-63 38 19.000,PRG
584,HRG 08202,02 55 33.57,-62 31 42.25,PRG
585,HRG 08203,03 10 11.49,-62 29 02.66,PRG
586,HRG 08204,03 15 18.88,-64 38 29.64,PRG
587,HRG 08901,08 20 26.2700,-65 20 25.700,PRG
588,HRG 10101,16 55 54.7800,-64 30 12.400,PRG
589,HRG 10102,16 57 10.09,-64 37 44.34,PRG
590,HRG 10103,16 58 20.93,-63 26 04.60,PRG
591,HRG 10104,17 06 05.8900,-63 27 51.500,PRG
592,HRG 10105,17 19 03.94,-63 22 22.63,PRG
593,HRG 10501,19 41 23.75,-62 33 55.95,PRG
594,HRG 10502,20 12 26.5500,-65 24 57.500,PRG
595,HRG 10503,20 19 46.62,-66 45 39.40,PRG
596,HRG 10901,22 26 54.0900,-63 42 51.900,PRG
597,HRG 10902,23 20 09.8100,-67 08 58.500,PRG
598,HRG 11301,01 07 30.62,-61 20 18.94,PRG
599,HRG 11401,02 01 45.29,-58 22 36.91,PRG
600,HRG 11602,03 24 53.00,-60 44 16.93,PRG
601,HRG 11701,03 57 51.74,-59 31 35.42,PRG
602,HRG 11702,03 58 27.8900,-59 31 45.600,PRG
603,HRG 11801,04 09 02.55,-59 06 30.66,PRG
604,HRG 11802,04 48 53.55,-63 37 16.03,PRG
605,HRG 12101,05 58 48.73,-60 03 26.18,PRG
606,HRG 12102,06 00 21.4400,-57 56 21.300,PRG
607,HRG 13801,17 29 09.5700,-62 26 44.200,PRG
608,HRG 14601,22 15 03.7500,-58 17 15.100,PRG
609,HRG 15501,02 59 06.28,-57 08 17.20,PRG
610,HRG 15701,04 12 43.15,-57 44 14.71,PRG
611,HRG 15702,04 28 41.67,-54 43 01.05,PRG
612,HRG 15703,04 35 11.89,-54 12 19.41,PRG
613,HRG 15704,04 45 31.72,-54 34 23.67,PRG
614,HRG 15901,05 17 07.9100,-54 04 01.300,PRG
615,HRG 15902,05 28 41.6700,-56 56 08.200,PRG
616,HRG 16001,06 14 30.42,-53 56 28.56,PRG
617,HRG 19501,00 48 21.5358,-47 52 21.841,PRG
618,HRG 19502,01 02 49.1500,-47 11 10.800,PRG
619,HRG 19503,01 03 31.55,-47 01 26.28,PRG
620,HRG 19504,01 04 56.7400,-47 11 10.200,PRG
621,HRG 19505,01 05 20.21,-47 12 01.55,PRG
622,HRG 19506,01 05 43.09,-47 09 46.63,PRG
623,HRG 19507,01 05 45.67,-47 07 29.01,PRG
624,HRG 19508,01 06 45.1900,-47 20 15.800,PRG
625,HRG 19509,01 08 11.39,-47 08 07.94,PRG
626,HRG 19510,01 08 18.63,-47 04 17.82,PRG
627,HRG 19511,01 08 52.3900,-47 08 48.500,PRG
628,HRG 19512,01 09 55.3700,-46 59 30.500,PRG
629,HRG 19513,01 15 55.2500,-50 11 21.800,PRG
630,HRG 19514,01 19 28.20,-51 46 45.90,PRG
631,HRG 20201,04 16 09.63,-49 13 48.18,PRG
632,HRG 20202,04 24 31.62,-49 34 28.39,PRG
633,HRG 23701,22 09 45.8600,-49 47 54.600,PRG
634,HRG 23702,22 10 01.27,-49 40 31.77,PRG
635,HRG 23801,22 20 51.70,-48 46 28.82,PRG
636,HRG 23802,22 33 47.0800,-48 01 29.300,PRG
637,HRG 24701,02 43 16.85,-42 30 40.39,PRG
638,HRG 29401,00 20 14.18,-39 55 19.38,PRG
639,HRG 29402,00 27 09.03,-40 59 02.81,PRG
640,HRG 30101,03 23 54.2112,-37 30 33.026,PRG
641,HRG 31601,10 08 40.0600,-40 05 36.700,PRG
642,HRG 31801,10 45 25.3000,-42 31 36.600,PRG
643,HRG 32201,12 42 01.0000,-39 49 24.000,PRG
644,HRG 32501,13 48 15.2100,-42 10 19.900,PRG
645,HRG 34701,23 15 32.1000,-38 32 08.100,PRG
646,HRG 35001,00 18 04.7000,-33 52 28.600,PRG
647,HRG 35002,00 37 41.1100,-33 42 58.800,PRG
648,HRG 35201,01 15 00.60,-32 14 35.73,PRG
649,HRG 36101,04 39 38.5898,-37 02 58.327,PRG
650,HRG 36102,04 44 07.14,-32 54 35.13,PRG
651,HRG 36103,04 53 50.13,-33 13 48.32,PRG
652,HRG 36104,04 55 18.0500,-37 06 20.800,PRG
653,HRG 37501,10 29 45.37,-38 20 54.92,PRG
654,HRG 38301,13 31 43.39,-33 22 49.50,PRG
655,HRG 40701,23 11 16.9600,-32 27 15.400,PRG
656,HRG 41101,00 51 51.66,-30 40 00.21,PRG
657,HRG 41102,00 56 52.17,-31 57 46.07,PRG
658,HRG 42501,06 12 21.53,-28 03 26.55,PRG
659,HRG 43701,23 15 31.97,-38 32 05.47,PRG
660,HRG 47601,01 30 49.06,-27 21 49.28,PRG
661,HRG 48401,04 16 29.45,-25 03 28.27,PRG
662,HRG 48907,06 29 13.9300,-26 29 46.700,PRG
663,HRG 50201,11 02 31.0000,-26 10 07.400,PRG
664,HRG 51001,14 00 23.7200,-23 18 29.500,PRG
665,HRG 53001,21 09 04.8800,-26 54 29.400,PRG
666,HRG 54101,01 05 10.4200,-22 03 27.000,PRG
667,HRG 54102,01 12 33.4747,-19 00 52.280,PRG
668,HRG 54103,01 18 44.4800,-19 37 36.300,PRG
669,HRG 56801,10 21 45.01,-18 24 37.66,PRG
670,HRG 56802,10 23 48.21,-21 08 26.24,PRG
671,HRG 57201,11 43 13.66,-18 24 03.79,PRG
672,HRG 57202,11 50 27.56,-18 34 47.38,PRG
673,HRG 57203,11 54 54.86,-22 03 16.10,PRG
674,HRG 57204,11 59 44.4420,-20 58 15.748,PRG
675,HRG 57205,12 00 31.13,-21 19 17.55,PRG
676,HRG 57206,12 00 43.4100,-20 50 02.200,PRG
677,HRG 57301,12 24 28.86,-21 37 51.69,PRG
678,HRG 58201,15 24 03.8500,-18 40 46.880,PRG
679,I Zw 44,12 52 57.2000,+46 46 43.000,PRG
680,IC 0051,00 46 24.2,-13 26 32,PRG
681,IC 0614,10 26 51.8,-03 27 53,PRG
682,IC 1689,01 23 47.8,+33 03 19,PRG
683,IC 1908,03 15 05.4,-54 49 09,PRG
684,IC 3370,12 27 36.61,-39 20 18.44,PRG
685,IC 3813,12 50 02.19,-25 55 11.95,PRG
686,II HZ 4,08 58 33.0504,+37 05 11.481,PRG
687,II Zw 28,05 01 42.0500,+03 34 27.900,PRG
688,KIG 0686,15 32 56.9,+46 27 07,PRG
689,KIG 0700,15 45 14.8,+00 46 24,PRG
690,NGC 0985,02 34 37.6,-08 47 15,PRG
691,NGC 232,00 42 45.62,-23 33 40.20,PRG
692,NGC 2685,08 55 34.7,+58 44 04,PRG
693,NGC 2793,09 16 47.1,+34 25 56,PRG
694,NGC 442,01 14 38.65,-01 01 12.68,PRG
695,NGC 4650A,12 44 49.0,-40 42 52,PRG
696,NGC 4672,12 46 15.43,-41 42 22.02,PRG
697,NGC 4753,12 52 21.99,-01 11 55.90,PRG
698,NGC 4774,12 53 06.4,+36 49 10,PRG
699,NGC 5122,13 24 14.9,-10 39 15,PRG
700,NGC 625,01 35 03.28,-41 26 12.64,PRG
701,NGC 7016,21 07 20.47,-25 29 14.11,PRG
702,OA 00101,00 05 50.36,-82 20 02.54,PRG
703,OA 00102,00 06 42.05,-82 20 28.40,PRG
704,OA 00103,00 24 48.30,-82 10 49.86,PRG
705,OA 00105,01 36 42.09,-79 14 53.03,PRG
706,OA 00106,02 48 35.23,-79 15 56.06,PRG
707,OA 00108,01 02 46.93,-82 22 50.54,PRG
708,OA 00109,15 47 39.84,-83 03 00.97,PRG
709,OA 00110,16 15 20.36,-83 14 08.14,PRG
710,OA 00202,10 12 10.50,-82 39 31.86,PRG
711,OA 00203,15 44 42.10,-82 49 13.42,PRG
712,OA 00205,18 30 33.04,-78 52 12.66,PRG
713,OA 00601,20 20 06.36,-70 58 20.63,PRG
714,OA 00801,02 01 44.80,-58 24 55.47,PRG
715,OA 00802,02 02 01.95,-58 23 09.38,PRG
716,OA 00803,02 02 24.64,-58 29 51.56,PRG
717,OA 00804,21 10 10.91,-62 35 43.43,PRG
718,OA 00901,04 43 25.87,-62 19 25.84,PRG
719,OA 01101,02 59 52.97,-57 02 39.65,PRG
720,OA 01102,06 00 09.72,-57 55 01.12,PRG
721,OA 01103,22 48 28.02,-58 15 00.95,PRG
722,OA 01401,00 48 59.98,-47 47 11.22,PRG
723,OA 01402,00 49 00.09,-47 47 12.76,PRG
724,OA 01701,01 01 56.41,-47 03 11.18,PRG
725,OA 02001,00 27 04.06,-40 57 03.70,PRG
726,OA 02502,06 24 48.66,-37 21 20.86,PRG
727,OA 02701,01 12 26.53,-19 01 18.38,PRG
728,OA 02702,01 13 04.50,-18 59 47.73,PRG
729,OA 02703,01 13 07.99,-19 00 03.08,PRG
730,OA 02801,00 51 44.41,-30 37 27.60,PRG
731,OA 02802,00 57 00.58,-31 55 07.56,PRG
732,OA 02901,06 12 37.55,-28 02 21.15,PRG
733,OA 03202,00 47 03.27,-24 21 20.19,PRG
734,OA 03301,03 11 59.59,-25 14 44.82,PRG
735,OA 03501,14 00 23.74,-23 19 04.26,PRG
736,OA 03601,21 05 40.06,-25 13 54.92,PRG
737,OA 03602,21 05 43.89,-25 14 14.39,PRG
738,OA 03603,21 06 07.27,-25 20 55.70,PRG
739,SPRC 1,00 09 11.58,-00 36 54.7,PRG
740,SPRC 10,08 20 38.19,+15 36 59.8,PRG
741,SPRC 100,10 35 42.04,+26 07 33.0,PRG
742,SPRC 101,10 36 02.78,+13 10 27.7,PRG
743,SPRC 102,10 41 09.76,+06 49 12.2,PRG
744,SPRC 103,10 43 31.49,+32 15 05.1,PRG
745,SPRC 104,10 45 22.03,+55 57 40.0,PRG
746,SPRC 105,10 48 44.73,+38 46 36.2,PRG
747,SPRC 106,10 52 22.48,+18 07 11.1,PRG
748,SPRC 107,10 54 24.16,+44 30 02.0,PRG
749,SPRC 108,10 55 00.95,+46 30 48.5,PRG
750,SPRC 109,11 08 54.49,+02 40 38.6,PRG
751,SPRC 11,08 48 32.01,+32 20 12.5,PRG
752,SPRC 110,11 09 29.00,-00 00 08.2,PRG
753,SPRC 111,11 17 21.04,+31 14 48.5,PRG
754,SPRC 112,11 19 41.61,+41 01 40.4,PRG
755,SPRC 113,11 35 13.68,+65 01 41.7,PRG
756,SPRC 114,11 35 14.67,+59 49 09.5,PRG
757,SPRC 115,11 43 46.46,+33 42 16.7,PRG
758,SPRC 116,11 45 12.95,+35 05 10.4,PRG
759,SPRC 117,11 51 36.04,+16 39 51.4,PRG
760,SPRC 118,11 52 07.90,+38 01 57.6,PRG
761,SPRC 119,11 52 44.10,+55 43 53.5,PRG
762,SPRC 12,09 01 50.14,+52 12 22.6,PRG
763,SPRC 120,12 03 46.23,+10 27 43.7,PRG
764,SPRC 121,12 15 03.35,+67 02 27.8,PRG
765,SPRC 122,12 18 11.16,+44 09 30.5,PRG
766,SPRC 123,12 46 56.39,+51 36 49.3,PRG
767,SPRC 124,12 50 20.69,+37 56 56.2,PRG
768,SPRC 125,12 57 44.58,+02 41 30.2,PRG
769,SPRC 126,12 58 18.63,+27 18 38.9,PRG
770,SPRC 127,12 58 27.84,+28 58 26.8,PRG
771,SPRC 128,13 18 43.75,+47 43 09.9,PRG
772,SPRC 129,13 23 58.77,-01 45 52.7,PRG
773,SPRC 13,09 14 53.66,+49 38 24.0,PRG
774,SPRC 130,13 33 46.77,+31 34 59.5,PRG
775,SPRC 131,13 34 43.26,+13 02 02.9,PRG
776,SPRC 132,13 45 31.77,+02 58 59.3,PRG
777,SPRC 133,13 47 11.08,+32 53 08.1,PRG
778,SPRC 134,13 50 59.06,+33 43 15.3,PRG
779,SPRC 135,13 57 25.69,+47 27 07.9,PRG
780,SPRC 136,14 04 54.74,+12 42 16.9,PRG
781,SPRC 137,14 09 21.48,+21 48 02.3,PRG
782,SPRC 138,14 10 46.45,+11 51 29.9,PRG
783,SPRC 139,14 11 18.56,+07 23 52.8,PRG
784,SPRC 14,09 18 15.97,+20 22 05.3,PRG
785,SPRC 140,14 11 42.58,+18 40 03.8,PRG
786,SPRC 141,14 20 44.19,+50 00 40.1,PRG
787,SPRC 142,14 22 25.37,+21 08 35.5,PRG
788,SPRC 143,14 24 43.86,+53 51 50.6,PRG
789,SPRC 144,14 25 03.87,+27 29 10.4,PRG
790,SPRC 145,14 28 16.47,+00 00 08.3,PRG
791,SPRC 146,14 32 31.17,+15 29 43.8,PRG
792,SPRC 147,14 41 19.18,+07 47 34.8,PRG
793,SPRC 148,14 41 32.86,+23 42 55.2,PRG
794,SPRC 149,14 46 45.71,+58 30 50.8,PRG
795,SPRC 15,09 36 34.63,+21 13 57.8,PRG
796,SPRC 150,14 48 17.26,+60 18 34.3,PRG
797,SPRC 151,14 51 26.30,+18 01 38.5,PRG
798,SPRC 152,14 53 16.45,+16 32 45.1,PRG
799,SPRC 153,14 54 02.24,+36 17 41.4,PRG
800,SPRC 154,14 57 10.71,+27 56 30.6,PRG
801,SPRC 155,15 06 39.12,+27 00 24.2,PRG
802,SPRC 156,15 16 21.58,+08 06 04.7,PRG
803,SPRC 157,15 24 46.34,+33 48 26.2,PRG
804,SPRC 158,15 25 28.59,+02 46 44.2,PRG
805,SPRC 159,15 30 04.63,+14 57 55.8,PRG
806,SPRC 16,09 42 07.35,+36 24 17.2,PRG
807,SPRC 160,15 33 22.82,+33 29 33.4,PRG
808,SPRC 161,15 36 19.28,+33 46 27.7,PRG
809,SPRC 162,15 37 03.02,+59 06 58.5,PRG
810,SPRC 163,15 44 42.15,+11 21 59.9,PRG
811,SPRC 164,15 47 07.11,+34 25 36.1,PRG
812,SPRC 165,15 49 53.86,+64 14 03.7,PRG
813,SPRC 166,15 52 36.10,+33 11 37.5,PRG
814,SPRC 167,15 56 42.98,+48 02 53.1,PRG
815,SPRC 168,15 57 14.20,+26 28 54.3,PRG
816,SPRC 169,16 00 13.82,+17 50 53.8,PRG
817,SPRC 17,09 59 11.85,+16 28 41.5,PRG
818,SPRC 170,16 02 09.77,+06 38 51.4,PRG
819,SPRC 171,16 05 14.60,+41 11 18.3,PRG
820,SPRC 172,16 18 11.02,+56 44 09.0,PRG
821,SPRC 173,16 21 28.25,+28 38 24.8,PRG
822,SPRC 174,16 22 02.63,+48 01 38.4,PRG
823,SPRC 175,16 27 30.74,+49 06 00.8,PRG
824,SPRC 176,16 32 02.04,+43 11 49.0,PRG
825,SPRC 177,16 33 47.53,+22 48 35.6,PRG
826,SPRC 178,16 36 52.00,+34 15 04.3,PRG
827,SPRC 179,17 03 08.79,+46 22 25.1,PRG
828,SPRC 18,10 08 42.82,+14 22 02.1,PRG
829,SPRC 180,17 04 06.73,+38 52 57.6,PRG
830,SPRC 181,17 08 17.84,+29 53 40.0,PRG
831,SPRC 182,19 33 27.34,+35 49 30.1,PRG
832,SPRC 183,21 37 48.61,-07 40 28.1,PRG
833,SPRC 184,22 08 21.70,+18 27 15.1,PRG
834,SPRC 185,23 12 32.10,-00 06 37.0,PRG
835,SPRC 19,10 17 17.50,+41 05 57.7,PRG
836,SPRC 2,00 26 41.51,+25 51 01.7,PRG
837,SPRC 20,10 26 00.41,+04 14 33.0,PRG
838,SPRC 21,10 28 58.56,+31 33 42.2,PRG
839,SPRC 22,10 41 55.66,+07 45 13.9,PRG
840,SPRC 23,10 46 23.65,+06 37 10.1,PRG
841,SPRC 239,00 16 15.19,-10 14 41.1,PRG
842,SPRC 24,11 16 25.11,+56 50 17.0,PRG
843,SPRC 240,00 34 36.18,-09 35 36.8,PRG
844,SPRC 241,02 41 57.00,-06 47 32.3,PRG
845,SPRC 242,07 35 50.48,+32 35 06.3,PRG
846,SPRC 243,07 53 25.87,+15 06 56.8,PRG
847,SPRC 244,07 58 48.20,+38 21 50.5,PRG
848,SPRC 245,08 05 05.38,+40 10 28.4,PRG
849,SPRC 246,08 08 21.30,+07 17 12.6,PRG
850,SPRC 247,08 12 12.08,+44 39 20.5,PRG
851,SPRC 248,08 24 01.83,+16 26 38.2,PRG
852,SPRC 249,08 47 08.70,+19 37 51.7,PRG
853,SPRC 25,11 24 53.65,+21 53 48.9,PRG
854,SPRC 250,08 47 41.69,+13 25 08.8,PRG
855,SPRC 251,08 49 01.21,+41 11 57.2,PRG
856,SPRC 252,10 24 01.96,+10 19 15.8,PRG
857,SPRC 253,10 43 15.06,+10 02 06.0,PRG
858,SPRC 254,11 01 45.49,+25 26 44.4,PRG
859,SPRC 255,11 02 16.90,+38 23 20.2,PRG
860,SPRC 256,11 10 49.29,+13 36 34.1,PRG
861,SPRC 257,11 30 19.31,+58 16 40.8,PRG
862,SPRC 258,11 30 40.21,+50 37 04.6,PRG
863,SPRC 259,11 37 13.65,+23 17 21.9,PRG
864,SPRC 26,11 40 05.50,+06 04 43.7,PRG
865,SPRC 260,11 45 30.25,+09 43 44.8,PRG
866,SPRC 261,12 01 43.47,+00 10 59.2,PRG
867,SPRC 262,12 49 15.77,+04 39 24.5,PRG
868,SPRC 263,13 01 13.66,+58 06 44.2,PRG
869,SPRC 264,13 16 14.69,+41 29 40.1,PRG
870,SPRC 265,13 20 22.67,-00 24 07.6,PRG
871,SPRC 266,13 20 54.29,+41 35 35.5,PRG
872,SPRC 267,13 37 39.21,+54 35 24.8,PRG
873,SPRC 268,13 40 04.76,+64 03 02.0,PRG
874,SPRC 269,14 04 53.72,+12 43 18.1,PRG
875,SPRC 27,11 44 44.02,+23 09 45.0,PRG
876,SPRC 270,14 09 31.41,+50 08 17.3,PRG
877,SPRC 271,14 51 48.17,+16 47 27.7,PRG
878,SPRC 272,15 45 47.04,+14 06 13.5,PRG
879,SPRC 273,16 06 07.97,+10 34 06.0,PRG
880,SPRC 274,16 33 09.59,+34 55 34.7,PRG
881,SPRC 275,20 53 53.46,-00 58 05.4,PRG
882,SPRC 28,11 52 28.30,+05 00 44.7,PRG
883,SPRC 29,11 53 33.56,+47 19 07.3,PRG
884,SPRC 3,00 41 03.44,-09 56 28.1,PRG
885,SPRC 30,12 07 12.69,+07 39 44.5,PRG
886,SPRC 31,12 17 11.51,+31 30 37.8,PRG
887,SPRC 32,12 19 24.16,+64 37 54.0,PRG
888,SPRC 33,12 19 30.57,+14 52 39.5,PRG
889,SPRC 34,12 25 59.80,+15 42 08.5,PRG
890,SPRC 35,12 44 14.99,+17 00 49.2,PRG
891,SPRC 36,12 52 17.80,+12 06 30.3,PRG
892,SPRC 37,12 53 09.76,+49 48 32.5,PRG
893,SPRC 38,13 08 14.92,+28 44 07.5,PRG
894,SPRC 39,13 08 16.92,+45 22 35.2,PRG
895,SPRC 4,02 42 58.43,-00 57 09.2,PRG
896,SPRC 40,13 11 31.46,+36 16 54.6,PRG
897,SPRC 41,13 25 33.22,+27 22 46.7,PRG
898,SPRC 42,13 39 04.59,+02 09 49.5,PRG
899,SPRC 43,13 41 34.83,+37 26 25.7,PRG
900,SPRC 44,13 45 06.11,+27 30 14.3,PRG
901,SPRC 45,13 52 39.38,+01 06 09.1,PRG
902,SPRC 46,13 55 00.36,+24 10 05.7,PRG
903,SPRC 47,13 59 41.70,+25 00 46.1,PRG
904,SPRC 48,14 14 20.82,+27 28 04.4,PRG
905,SPRC 49,14 14 46.25,+30 25 17.8,PRG
906,SPRC 5,03 44 26.15,-05 42 09.6,PRG
907,SPRC 50,14 15 59.68,+19 24 30.6,PRG
908,SPRC 51,14 18 16.05,+20 31 34.3,PRG
909,SPRC 52,14 18 25.60,+25 30 06.7,PRG
910,SPRC 53,14 19 18.45,+01 50 49.1,PRG
911,SPRC 54,14 39 48.62,+21 46 20.3,PRG
912,SPRC 55,14 43 48.70,+16 09 29.7,PRG
913,SPRC 56,15 11 14.09,+37 02 37.7,PRG
914,SPRC 57,15 11 53.36,+27 43 46.7,PRG
915,SPRC 58,15 38 01.95,+56 42 21.8,PRG
916,SPRC 59,15 38 45.54,+65 27 38.3,PRG
917,SPRC 6,07 50 41.63,+50 57 40.1,PRG
918,SPRC 60,15 47 24.32,+38 55 50.4,PRG
919,SPRC 61,15 49 54.81,+09 49 43.1,PRG
920,SPRC 62,15 51 26.66,+35 10 45.9,PRG
921,SPRC 63,15 51 28.30,+04 30 11.6,PRG
922,SPRC 64,15 58 29.79,+57 05 51.5,PRG
923,SPRC 65,16 16 00.16,+24 21 05.6,PRG
924,SPRC 66,16 31 58.73,+48 17 22.6,PRG
925,SPRC 67,17 17 44.13,+40 41 52.0,PRG
926,SPRC 68,17 50 57.21,+51 25 19.2,PRG
927,SPRC 69,20 48 05.67,+00 04 07.8,PRG
928,SPRC 7,07 52 34.32,+29 20 49.7,PRG
929,SPRC 70,23 42 33.22,+13 33 25.6,PRG
930,SPRC 71,00 05 20.62,+14 34 11.1,PRG
931,SPRC 72,00 13 03.07,+14 24 35.9,PRG
932,SPRC 73,00 32 09.80,+01 08 36.6,PRG
933,SPRC 74,00 48 12.18,-00 12 55.6,PRG
934,SPRC 75,01 07 00.15,+28 45 33.8,PRG
935,SPRC 76,01 21 29.32,+00 37 28.7,PRG
936,SPRC 77,01 58 58.39,-00 29 23.3,PRG
937,SPRC 78,07 32 08.78,+27 27 41.2,PRG
938,SPRC 79,07 33 21.06,+20 21 12.4,PRG
939,SPRC 8,07 55 39.63,+18 35 27.3,PRG
940,SPRC 80,07 47 15.86,+43 35 04.7,PRG
941,SPRC 81,07 48 20.90,+36 04 34.1,PRG
942,SPRC 82,07 52 41.21,+19 43 20.2,PRG
943,SPRC 83,08 00 23.93,+17 31 26.9,PRG
944,SPRC 84,08 11 17.51,+29 30 32.2,PRG
945,SPRC 85,08 14 07.20,+25 14 48.5,PRG
946,SPRC 86,08 23 23.98,+30 53 18.3,PRG
947,SPRC 87,08 42 00.51,+13 12 29.7,PRG
948,SPRC 88,08 56 04.40,+34 42 34.9,PRG
949,SPRC 89,09 07 56.24,+28 26 33.7,PRG
950,SPRC 9,08 12 57.83,+22 25 30.0,PRG
951,SPRC 90,09 43 02.33,-00 48 50.0,PRG
952,SPRC 91,09 57 31.05,+35 33 22.8,PRG
953,SPRC 92,09 58 44.65,+12 59 20.9,PRG
954,SPRC 93,09 59 05.51,+02 38 09.9,PRG
955,SPRC 94,09 59 39.90,+11 24 22.3,PRG
956,SPRC 95,10 05 57.71,+64 40 54.6,PRG
957,SPRC 96,10 06 13.91,+63 13 21.9,PRG
958,SPRC 97,10 17 30.50,+21 21 01.9,PRG
959,SPRC 98,10 18 00.74,+01 21 16.3,PRG
960,SPRC 99,10 34 35.22,+44 46 23.0,PRG
961,UGC 5119,09 37 12.6,+38 05 33,PRG
962,UGC 5600,10 24 09.9,+78 37 44,PRG
963,UGC 7576,12 27 41.8,+28 41 53,PRG
964,UGC 9562,14 51 14.4,+35 32 32,PRG
965,UGC 9796,15 15 56.3,+43 10 00,PRG
966,VII Zw 466,12 32 04.9,+66 24 13,PRG
967,VV 112,10 42 48.4500,+13 27 35.400,PRG
968,VV 256,14 00 54.4,+40 59 19,PRG
969,VV 285,02 34 37.7689,-08 47 15.435,PRG
970,VV 330A,10 24 22.2700,+78 36 33.100,PRG
